Name,ID
Adrian Yanez,1
Trevin Giles,2082
Tai Tuivasa,1708
Cheyanne Buys,4
Marion Reneau,1856
Leonardo Santos,2075
Song Kenan,1916
Derek Brunson,2258
Montel Jackson,1826
Bruno Silva,2004
Manel Kape,1584
Misha Cirkunov,2269
Leon Edwards,2048
Charles Jourdain,1860
Eryk Anders,2136
Angela Hill,1767
Jonathan Martinez,1717
Dan Ige,1833
Nasrat Haqparast,1942
Cortney Casey,2235
Matthew Semelsberger,1786
Rani Yahya,2317
Gloria de Paula,23
Dominick Cruz,1890
Song Yadong,1957
Petr Yan,2072
Jan Blachowicz,1751
Thiago Santos,2060
Joseph Benavidez,1822
Amanda Nunes,2129
Islam Makhachev,2194
Tim Elliott,1997
Livinha Souza,1795
Rogerio Bontorin,2124
Uros Medic,35
Kennedy Nzechukwu,2039
Sean Brady,1992
Mario Bautista,1929
Jairzinho Rozenstruik,1791
Montana De La Rosa,1776
Vince Cachero,1804
Alexander Hernandez,1697
Pedro Munhoz,2069
Alex Caceres,2280
Alexis Davis,2391
Nikita Krylov,1895
Dustin Jacoby,2906
Aleksei Oleinik,1798
Charles Rosa,1892
Phil Hawes,1705
Curtis Blaydes,2218
Eddie Wineland,2348
Andrei Arlovski,2245
Jared Gordon,1963
Ketlen Vieira,2247
Aiemann Zahabi,56
Serghei Spivac,1827
Nate Landwehr,1880
Shana Dobson,1789
Maycee Barber,1939
Belal Muhammad,1527
Maki Pitolo,1869
Kamaru Usman,2111
Ricky Simon,1956
Kelvin Gastelum,1820
Polyana Viana,2037
Rodolfo Vieira,67
Gabe Green,1872
Andre Ewell,1998
Alexandre Pantoja,2096
Karol Rosa,71
Devonte Smith,72
Michael Johnson,2099
Alistair Overeem,2328
Diego Ferreira,1937
Cory Sandhagen,1726
Mike Rodriguez,1769
Ode Osbourne,1941
SeungWoo Choi,2044
Molly McCann,2067
Timur Valiev,81
Dan Hooker,1849
Andrew Sanchez,2000
Julianna Pena,1741
Jessica Eye,2071
Dustin Poirier,2023
Brad Tavares,2237
Arman Tsarukyan,1828
Marina Rodriguez,1812
Amir Albazi,1825
Khalil Rountree Jr.,2006
Nik Lentz,1935
Omari Akhmedov,1949
Warlley Alves,2186
Matt Schnell,1945
Roxanne Modafferi,2159
Ike Villanueva,1886
Michael Chiesa,1933
Lerone Murphy,1831
Su Mudaerji,100
Francisco Figueiredo,101
Mike Davis,2091
Dalcha Lungiambula,1971
Umar Nurmagomedov,104
Victoria Leonardo,105
Wu Yanan,106
Punahele Soriano,107
Carlos Felipe,1744
Carlos Condit,2428
David Zawada,1972
Joaquin Buckley,1734
Santiago Ponzinibbio,2152
Max Holloway,1843
Sarah Moras,1885
Jacob Kilburn,1959
Marlon Moraes,2073
Sijara Eubanks,1747
Deron Winn,1907
Stephen Thompson,2368
Jose Aldo,1842
Anthony Pettis,2100
Marcin Tybura,1730
Michel Pereira,1920
Gillian Robertson,1857
Jimmy Flick,125
Tafon Nchukwi,126
Christos Giagos,2076
Renato Moicano,2123
Kevin Holland,1522
Mackenzie Dern,2246
Tony Ferguson,2403
Deiveson Figueiredo,1909
Junior Dos Santos,1930
Gavin Tucker,1532
Cub Swanson,2232
Tecia Torres,2195
Chase Hooper,1865
Gabriel Benitez,2274
Roman Dolidze,1516
Ilia Topuria,1731
Louis Smolka,2150
Gian Villante,2324
Ovince Saint Preux,1883
Matt Wiman,1960
Jack Hermansson,2090
Ashlee Evans-Smith,2242
Jonathan Pearce,1988
Miguel Baeza,1879
Josh Parisian,149
Anthony Smith,2077
Spike Carlyle,1875
Martin Day,1595
Luke Sanders,2118
Gina Mazany,1863
Brandon Moreno,1645
Katlyn Chookagian,1925
Antonina Shevchenko,1873
Valentina Shevchenko,2308
Mauricio Rua,3025
Mike Perry,1948
Alan Jouban,2249
Daniel Rodriguez,1917
Louis Cosce,163
Kyle Daukaus,1850
Ashley Yoder,1530
Kay Hansen,166
Randa Markos,1756
Brendan Allen,168
Geraldo de Freitas,169
Alex Morono,1634
Abdul Razak Alhassan,2263
Paul Felder,2024
Don'Tale Mayes,1881
Alexandr Romanov,174
Claudia Gadelha,2450
Darren Elkins,2153
Giga Chikadze,2009
Raoni Barcelos,2204
Gustavo Lopez,1515
Max Griffin,1521
Chris Gruetzemacher,2241
Maurice Greene,1847
Sean Strickland,1682
Bobby Green,1807
Uriah Hall,2306
Bryce Mitchell,2212
Cole Williams,2042
Miles Johns,2017
Jacob Malkoun,189
Alexander Volkov,1588
Magomed Ankalaev,1560
Stefan Struve,2201
Robert Whittaker,2329
Lauren Murphy,1858
Khabib Nurmagomedov,2709
Nathaniel Wood,1921
Joel Alvarez,1819
Liana Jojua,1835
Da-Un Jung,199
Alex Oliveira,2007
Thomas Almeida,2323
Jimmy Crute,2016
Mateusz Gamrot,203
Junyong Park,204
Claudio Silva,2106
Brian Ortega,2138
Gadzhimurad Antigulov,1813
Said Nurmagomedov,1947
Jamie Mullarkey,2003
Tom Breese,1608
Chris Daukaus,1562
Markus Perez,1617
Ben Rothwell,1958
Youssef Zalal,1593
Tom Aspinall,1567
Edson Barboza,1877
Impa Kasanganay,1782
Ali AlQaisi,1802
Tracy Cortez,1967
Dequan Townsend,1922
Germaine de Randamie,1950
Kyler Phillips,1539
Holly Holm,2059
Yorgan De Castro,1891
Jordan Williams,225
Loma Lookboonmee,226
Casey Kenney,1538
Luigi Vendramini,2169
Israel Adesanya,1541
Kai Kara-France,1548
Shane Young,2214
Diego Sanchez,2287
Brad Riddell,233
Dominick Reyes,1927
Hakeem Dawodu,1979
William Knight,236
Khadis Ibragimov,1823
Juan Espino,238
Johnny Walker,1977
Mirsad Bektic,2055
Colby Covington,1953
Jordan Espinosa,1546
Khamzat Chimaev,1830
Donald Cerrone,1888
Jessica-Rose Clark,2266
Darrick Minner,1563
Journey Newson,1928
Mayra Bueno Silva,1554
Tyson Nam,1610
Roosevelt Roberts,1851
Billy Quarantillo,1646
Julia Avila,252
Michelle Waterson,1887
Ed Herman,1970
Ottman Azaitar,255
Brok Weaver,1874
Bryan Barberena,2117
Sabina Mazo,1559
Brian Kelleher,1578
Viviane Araujo,1611
Andre Muniz,1964
Cole Smith,2088
Alessio Di Chirico,1624
Ricardo Lamas,2464
Robbie Lawler,2040
Ji Yeon Kim,2005
Mallory Martin,1580
Carlton Minus,1640
Marcin Prachnio,1605
Amanda Lemos,1547
Mariya Agapova,271
Austin Hubbard,1904
Herbert Burns,1870
Felice Herrig,2165
Sean O'Malley,1864
John Dodson,2178
Stipe Miocic,2031
TJ Brown,1910
Jim Miller,2294
Kai Kamaka,1658
Tim Means,1674
Derrick Lewis,1565
Yana Kunitskaya,1569
Beneil Dariush,1589
Irwin Rivera,1764
Joanne Calderwood,1599
Johnny Munoz,287
Frankie Saenz,2101
Jamall Emmers,1905
Vicente Luque,1975
Chris Gutierrez,1583
Lando Vannata,2010
Francisco Trinaldo,2049
Carla Esparza,2217
Paul Craig,1673
Fabricio Werdum,1889
Nicolas Dalby,1676
Tanner Boser,1688
Movsar Evloev,1606
Ramazan Emeev,1623
Bethe Correia,2015
Joe Duffy,2104
Marc Diakiese,2200
Grant Dawson,1520
Ariane Lipski,1670
Malcolm Gordon,1666
Brett Johns,2190
Davi Ramos,2022
Modestas Bukauskas,1718
John Phillips,1720
Ricardo Ramos,2293
Jimmie Rivera,1557
Calvin Kattar,1626
Diana Belbita,1986
Jack Shore,315
Jessica Andrade,1716
Makwan Amirkhani,1733
Volkan Oezdemir,2262
Elizeu Zaleski dos Santos,2026
Alexander Volkanovski,1951
Amanda Ribas,1603
Raulian Paiva,1923
Luis Pena,1995
Philipe Lins,1884
Sean Woodson,1991
Takashi Sato,1659
Jordan Griffin,2020
Marc-Andre Barriault,1946
Clay Guida,1587
Josh Emmett,2268
Raquel Pennington,1938
Frank Camacho,2079
Andre Fili,1702
Merab Dvalishvili,1792
Karl Roberson,1973
Anthony Ivy,1772
Cody Stamann,1832
Raphael Assuncao,2446
Aljamain Sterling,1540
Neil Magny,1613
Ian Heinisch,1579
Charles Byrd,2113
Evan Dunham,2167
Alonzo Menifield,1774
Jussier Formiga,2164
Blagoy Ivanov,1978
Jamahal Hill,1654
Tyron Woodley,1755
Anthony Hernandez,1581
Matt Brown,1622
Rodrigo Nascimento,1728
Hunter Azure,1778
Chase Sherman,2168
Jeremy Stephens,1989
Francis Ngannou,2149
Henry Cejudo,2191
Greg Hardy,1635
Ryan Spann,1526
Demian Maia,2320
Kevin Lee,2081
Veronica Macedo,2422
Zhang Weili,2028
Mark Madsen,363
Batgerel Danaa,2030
Gerald Meerschaert,1758
Ion Cutelaba,1707
Felicia Spencer,1867
Gabriel Silva,2051
Megan Anderson,1544
Aalon Cruz,1549
Jalin Turner,1771
Karolina Kowalkiewicz,2179
Ben Sosoli,1985
Kevin Aguilar,1862
Jake Matthews,1551
Callan Potter,376
Priscila Cachoeira,2085
Corey Anderson,2130
Devin Clark,1661
Mark De La Rosa,1861
Macy Chiasson,1519
Juan Adams,2050
Jon Jones,2322
Domingo Pilarte,384
Austin Lingo,1628
Justine Kish,1773
Bevon Lewis,1694
Rafael Dos Anjos,1685
Arnold Allen,2061
Sara McMann,1598
Hannah Cifers,1784
Conor McGregor,1600
Drew Dober,1545
Aleksa Camur,1753
Dooho Choi,2265
Frankie Edgar,1590
Kyung Ho Kang,2121
Ciryl Gane,1553
Dong Hyun Ma,2038
Miranda Granger,1679
Heili Alateng,1745
Geoff Neal,1632
Aspen Ladd,2057
Rob Font,1629
Thiago Alves,2173
Joe Solecki,1790
Virna Jandiroba,1643
Makhmud Muradov,1597
Sergio Moraes,2084
Charles Oliveira,1644
Antonio Arroyo,1631
Douglas Silva de Andrade,1614
Vanessa Melo,1627
Shamil Gamzatov,414
Zelim Imadaev,1775
Rustam Khabilov,2388
Zabit Magomedsharipov,2110
Abubakar Nurmagomedov,418
Roman Kopylov,419
Alexander Yakovlev,1712
Grigory Popov,2074
Jorge Masvidal,1844
Shane Burgos,1854
Julio Arce,2264
Lyman Good,1853
Enrique Barzola,1897
Muslim Salikhov,1841
Alex White,2181
Raphael Pessoa,1816
Joe Lauzon,2447
Yair Rodriguez,2154
Randy Costa,1762
Kyle Bochniak,2135
Daniel Spitz,2221
Court McGee,1739
Matt Frevola,1602
Joanna Jedrzejczyk,1902
Niko Price,1759
Marlon Vera,1633
Marvin Vettori,1656
JJ Aldrich,1534
Justin Tafa,1621
Al Iaquinta,2132
Luke Jumeau,2301
Khalid Taha,1693
Nadia Kassem,2120
Michal Oleksiejczuk,1913
Alen Amedovski,2093
Gunnar Nelson,2107
Siyar Bahadurzada,2131
Brandon Davis,2032
Martin Bravo,2210
Jose Quinonez,1652
Ariane Carnelossi,454
Marco Polo Reyes,2063
Irene Aldana,1743
Vinicius Moreira,1612
Claudio Puelles,2402
Sergio Pettis,2133
Glover Teixeira,1687
Todd Duffee,2566
Kyle Prepolec,2087
Chas Skelly,2493
Brad Katona,2206
Zubaira Tukhugov,1752
Mairbek Taisumov,2717
Don Madge,2163
Nordine Taleb,2224
Li Jingliang,1625
Damir Ismagulov,2141
Yoel Romero,1901
Daniel Cormier,1793
Manny Bermudez,1987
Eduardo Garagorri,1691
Gilbert Burns,1577
Kazula Vargas,1919
Joaquim Silva,2134
Scott Holtzman,1800
Darko Stosic,1932
Mickey Gall,1848
Cristiane Justino,481
Olivier Aubin-Mercier,2196
Erik Koch,2336
James Vick,1996
Sam Alvey,1714
Ray Borg,1882
Urijah Faber,1952
Pingyuan Liu,1944
Benito Lopez,2275
Gilbert Melendez,2309
Edmen Shahbazyan,1806
Alejandro Perez,2112
Ismail Naurdiev,1911
Emily Whitmire,1785
Andrea Lee,1768
Allen Crowder,2127
Tatiana Suarez,2180
Yan Xiaonan,1690
Stevie Ray,1981
Tonya Evinger,2166
Damir Hadzovic,1893
Alexander Gustafsson,1814
Daniel Teymur,1955
Rostem Akman,2002
Jimi Manuwa,2409
Nick Hein,2228
Bea Malecki,1899
Desmond Green,2097
Antonio Carlos Junior,1601
Zak Cummings,1780
Michael Trizano,511
Danny Roberts,1968
Patrick Cummins,2160
Jared Cannonier,1709
Rogerio Nogueira,1810
Thiago Moises,1556
Rose Namajunas,1838
BJ Penn,2380
Luana Carolina,1824
Talita Bernardo,2162
Walt Harris,1706
Kyle Nelson,1766
Arjan Bhullar,2311
Mitch Gagnon,2636
John Lineker,2383
Jacare Souza,1642
Ben Saunders,1954
Krzysztof Jotko,1878
Sergei Pavlovich,1983
Sultan Aliev,2230
Magomed Mustafaev,1914
Curtis Millender,2108
Wilson Reis,2307
Boston Salmon,1990
Lauren Mueller,2001
Ross Pearson,2198
Sodiq Yusuff,1940
David Branch,2304
Alex Perez,1672
John Makdessi,1896
Eric Shelton,2156
Ryan MacDonald,2019
Jack Marshman,1699
Darren Till,1809
Danny Henry,1839
Nicolae Negumereanu,546
Mike Grundy,1817
Tim Boetsch,2372
Anthony Rocco Martin,1868
Cody Garbrandt,1866
Dwight Grant,1787
Liz Carmouche,2036
Michel Prazeres,2225
Aleksandra Albu,1984
Renan Barao,1966
Wuliji Buren,2192
Teruto Ishihara,2333
Mara Romero Borella,1763
Junior Albini,2064
Bibulatov Magomed,2297
Gregor Gillespie,1974
Paige VanZant,1845
Dennis Bermudez,2645
Kyle Stewart,2047
Chad Mendes,2202
Cat Zingano,2614
Ilir Latifi,1926
Zak Ottow,2109
Trevor Smith,1962
Adam Milstead,2248
Chris de la Rocha,2220
Elias Theodorou,2086
Chad Laprise,2226
Mark Hunt,2341
Suman Mokhtarian,1943
Yushin Okami,2238
Alex Gorgees,577
Keita Nakamura,2095
Elias Garcia,2205
Mizuto Hirota,2255
Darren Stewart,1529
Rick Glenn,2203
Pannie Kianzad,1630
Julija Stoliarenko,1799
Hu Yaozong,2281
Guido Cannetti,1906
Cynthia Calvillo,1669
Cezar Ferreira,2054
Devin Powell,589
Humberto Bandenay,2034
Nad Narimani,1821
Laureano Staropoli,1796
Chan Sung Jung,1723
Joseph Morales,2257
Jason Knight,2321
Chris Weidman,1801
Adam Wieczorek,2240
Alex Garcia,2233
Thibault Gouti,2252
Andre Soukhamthath,2027
Te Edwards,2128
Lina Lansberg,1936
Ryan LaFlare,2606
Gray Maynard,2935
Luis Henrique,2367
Augusto Sakai,1779
Thales Leites,2497
Aleksei Kunchenko,1894
Khalid Murtazaliev,609
Adam Yandiev,610
Robert Sanchez,2318
John Moraga,2236
James Krause,1722
Jake Ellenberger,2437
Justin Gaethje,1711
TJ Dillashaw,2125
Demetrious Johnson,2857
Matt Sayles,1961
Danielle Taylor,2349
Kajan Johnson,2172
Eddie Alvarez,2455
Jordan Mein,2674
Dustin Ortiz,2126
Emil Meek,1915
Vitor Miranda,2466
Davey Grant,1531
Justin Ledet,1703
Jeremy Kimball,2337
Damian Stasiak,2345
Myles Jury,2115
Randy Brown,1805
Sage Northcutt,2541
Kurt Holobaugh,2083
Justin Scoggins,2398
Jessica Aguilar,2098
Gokhan Saki,636
Jamie Moyle,2343
Jay Cucciniello,638
John Gunther,2157
Matt Bessette,640
Tyler Diamond,641
Felipe Arantes,2404
Rolando Dy,2282
Shinsho Anzai,2680
Viviane Pereira,2288
Jenel Lausa,2396
CM Punk,647
Rashad Coulter,2148
Rashad Evans,2316
Mike Santiago,2267
Jarred Brooks,2183
Johnny Eduardo,2522
Eric Spicely,2068
Daniel Kelly,2283
Brad Scott,2592
Alexa Grasso,1574
Diego Rivas,2319
Poliana Botelho,1721
Henry Briones,2571
Vitor Belfort,2471
Alberto Mina,2458
Justin Willis,2102
Matthew Lopez,2137
Dhiego Lima,1575
Bec Rawlings,2376
Tom Duquesnoy,2353
Mark Godbeer,2291
Mike Pyle,2774
CB Dollaway,2174
Bryan Caraway,2143
Jordan Johnson,2175
Maryna Moroz,1898
Albert Morales,2327
Steven Peterson,2012
Oskar Piechota,1852
Joshua Burkman,2366
Rob Wilkinson,2312
Tyson Pedro,2140
Damien Brown,2439
Timothy Johnson,2363
Alan Patrick,1765
Lyoto Machida,2229
Maia Stevenson,683
Iuri Alcantara,2184
Jordan Rinaldi,2105
Vinc Pichel,1794
Austin Arnett,2119
Sabah Homasi,2430
Mads Burnell,2223
Kalindra Faria,2187
Julian Marquez,1576
Carls John De Tomas,2339
Antonio Braga Neto,2697
David Teymur,2122
Amanda Cooper,2155
Barb Honchak,2209
Christina Marks,697
DeAnna Bennett,698
Nicco Montano,2056
Joe Soto,2256
Ariel Beck,701
Karine Gevorgyan,702
Michael Bisping,2463
Kailin Curran,2440
Wang Guan,705
Cyril Asker,2254
Ryan Benoit,1834
Anthony Hamilton,2389
Alex Chambers,2171
Nate Marquardt,2342
Jake Collier,1653
Johny Hendricks,2335
Hacran Dias,2481
Marcelo Golm,2094
Artem Lobov,2161
Marcin Held,2378
Salim Touahri,2043
Pearl Gonzalez,2361
Takanori Gomi,2449
Syuri Kondo,2066
Daichi Abe,2213
Hector Lombard,2170
Luke Rockhold,2062
Jason Saggo,724
Mitch Clarke,2456
Francimar Barroso,2261
Bojan Mihajlovic,2441
Alvaro Herrera Mendoza,2197
Damian Grabowski,2438
Rafael Natal,2477
Frankie Perez,2550
James Mulheron,732
Charlie Ward,733
Leslie Smith,2470
Daniel Omielanczuk,2411
Travis Browne,2369
Joachim Christensen,2381
Josh Stansbury,2453
Dong Hyun Kim,2676
Tarec Saffiedine,2382
Naoki Inoue,2215
Kwan Ho Kwak,2401
Kiichi Kunimoto,2622
Paulo Costa,1748
Erick Silva,2273
Marco Beltran,2298
Luan Chagas,2234
Oliver Enkamp,2243
Nicholas Musoke,2696
Reza Madadi,2364
Peter Sobotta,1808
Hector Sandoval,2315
Jessica Penne,2575
Patrick Williams,2239
Will Brooks,2286
Brad Pickett,2385
Rony Jason,2433
Garreth McLellan,2473
Sam Sicilia,2416
Anderson Silva,1701
Abel Trujillo,2272
Daniel Jolly,2551
Henrique da Silva,2300
Bobby Nash,2279
Marcos Rogerio de Lima,1689
Jason Gonzalez,2092
Dmitrii Smoliakov,2089
Jocelyn Jones-Lybarger,2462
Brandon Thatch,2569
James Moontasri,2442
Cole Miller,2624
Bojan Velickovic,2284
Valerie Letourneau,2530
Tim Kennedy,2713
Zach Makovsky,2504
Joseph Gigliotti,2432
Tiago dos Santos e Silva,2548
Juliana Lima,2260
Keith Berish,2691
Elvis Mutapcic,2465
Kyle Noke,2712
Yusuke Kasuya,2543
Seo Hee Ham,2485
Richard Walsh,2616
Ben Nguyen,2139
Yao Zhikui,2588
Ryan Bader,2506
Magnus Cedenblad,2767
Kyoji Horiguchi,2593
Anna Elmose,2472
Gegard Mousasi,2358
Miesha Tate,2492
Erik Perez,2436
Erick Montano,794
Lukasz Sajewski,2460
Shamil Abdurakhimov,2021
Cody East,2478
Jonathan Wilson,2296
Kelly Faszholz,2501
Godofredo Pepey,2259
Roy Nelson,2355
Glaico Franca Moreira,802
Chris Wade,2325
Roan Carneiro,2374
Augusto Montano,805
Yancy Medeiros,1918
Taylor Lapilus,2527
Jessin Ayari,1746
Jarjis Danho,2499
Scott Askham,2365
Shane Campbell,2469
Jeremy Kennedy,2253
Rick Story,2467
Hyun Gyu Lim,2302
Anthony Johnson,2362
Nate Diaz,1976
Alberto Uda,2468
Viktor Pesta,2379
Francisco Rivera,2642
Michael Graves,2480
Cesar Arzamendia,821
Jim Alers,2515
Michael McDonald,2741
Cain Velasquez,2116
Brock Lesnar,3177
Cory Hendricks,826
Russell Doane,2250
Anthony Birchak,1695
Tamdan McCrory,2412
Rory MacDonald,2570
Steve Bosse,2486
Chris Beal,2553
Ali Bagautinov,2399
Dan Henderson,2410
Kevin Casey,2427
Chris Camozzi,2347
Antonio Silva,2413
Albert Tumenov,2408
Jon Tuck,2189
Yan Cabral,840
Yuta Sasaki,2151
Efrain Escudero,2670
Oluwale Bamgbose,2271
Igor Pokrajac,2637
Ian Entwistle,2639
Filip Pejic,846
Robert Whiteford,2539
James Te Huna,2747
Brendan O'Reilly,2392
Julian Erosa,1572
Mike Wilkinson,2661
Norman Parke,2583
Teemu Packalen,2025
Daniel Sarafian,2753
Jonavin Webb,2591
Noad Lahat,2576
Josh Barnett,2425
Matt Dwyer,2565
George Sullivan,2188
Damon Jackson,1651
Maximo Blanco,2417
Patrick Cote,2360
Diego Brandao,2542
Lorenz Larkin,2431
Sheldon Westcott,2600
Josh Samman,2443
Sarah Kaufman,2595
Hayder Hassan,2568
Joe Proctor,2352
Tatsuya Kawajiri,2435
Gabriel Gonzaga,2482
Joby Sanchez,2158
Dongi Yang,2888
Yoshihiro Akiyama,2954
Tae Hyun Bang,2424
Benson Henderson,2629
Yui Chul Nam,2587
Dominique Steele,2340
Guangyou Ning,2394
Horacio Gutierrez,2434
Hector Urbina,2414
Valmir Lazaro,2615
Vernon Ramos Ho,883
Anthony Perosh,2746
Ronda Rousey,2384
Richie Vaculik,886
Fabio Maldonado,2594
Gleison Tibau,2222
Edimilson Souza,2765
Viscardi Andrade,2489
Bruno Rodrigues,891
Aisling Daly,2598
Neil Seery,2326
Cathal Pendred,2579
Paddy Holohan,895
Bubba Bush,2694
Adriano Martins,2310
Shawn Jordan,2724
Francisco Trevino,2718
Chris Cariaso,2664
Katsunori Kikuno,2607
Takeya Mizugaki,2386
Naoyuki Kotani,2656
Joe Riggs,2500
Clay Collard,2578
Sam Stout,2611
Yves Jabouin,2728
Chris Kelades,2476
Jared Rosholt,2505
Chris Dempsey,2495
Anthony Christodoulou,2628
Reginaldo Vieira,2371
Rafael Cavalcante,2503
Hugo Viana,2730
Kenny Robertson,2415
Daron Cruickshank,2511
Jessamyn Duke,917
Ramsey Nijem,918
Mickael Lebout,2538
Marcus Brimage,2654
Josh Thomson,2729
Scott Jorgensen,2528
Frank Mir,2484
Andrew Craig,2695
Igor Araujo,2758
Angela Magana,2276
Darrell Montague,2706
Dan Miller,2947
Mike Swick,3044
Yosdenis Cedeno,2658
Steve Montgomery,2532
Leandro Silva,2426
Danny Martinez,2531
Dennis Siver,2334
Alan Omer,935
Niklas Backstrom,2705
Piotr Hallmann,2534
Thiago Tavares,2451
Brian Ebersole,2665
Ricardo Abreu,940
Wendell Oliveira Marques,2668
KJ Noons,2502
Luiz Dutra,2733
Lucas Martins,2483
Mark Eddiva,2487
Zhang Lipeng,2722
Mark Munoz,2754
Phillipe Nover,2373
Roldan Sangcha'an,2698
Nolan Ticman,950
Hatsu Hioki,2772
Dylan Andrews,952
Alptekin Ozkilic,2685
Vik Grujic,2699
Quinton Jackson,2939
Jessica Rakoczy,2748
Eddie Gordon,2572
Pawel Pawlak,2559
Bartosz Fabinski,1777
Seth Baczynski,2708
Izabela Badurek,961
Marcin Bandel,2662
Ron Stallings,2547
Leonardo Mafra,2562
Jorge de Oliveira,2649
Bentley Syler,966
Jake Lindsey,2657
Larissa Pacheco,2669
Roman Salazar,2556
Masio Fullen,2507
William Macario,971
Ivan Jorge,2560
Ian McCall,2683
Richardson Moreira,2704
Andy Ogle,2726
Akira Corassani,2714
Phil Davis,2655
John Howard,2523
Johnny Case,2338
Matt Van Buren,2689
Tateki Matsuda,2673
Danny Castillo,2516
Alexis Dufresne,2692
Tom Niinimaki,2675
Elias Silverio,2552
Leandro Issa,2423
Marcio Alexandre Junior,2517
Jamie Varner,2831
David Michaud,2596
Joe Ellenberger,990
Emily Kagan,2525
Luke Barnatt,2586
Ruslan Magomedov,2540
Yves Edwards,2916
Juan Manuel Puig,2688
Edgar Garcia,2514
Caio Magalhaes,2420
Wagner Silva,2703
Soa Palelei,2558
Jumabieke Tuerxun,1000
Luke Zachrich,2711
Fabricio Camoes,2738
Tor Troeng,2763
Manvel Gamburyan,2397
Michinori Tanaka,2375
Kazuki Tokudome,2780
Paulo Thiago,2848
Matt Mitrione,2510
Sean Soriano,2631
Ruan Potts,2617
Francis Carmont,2727
Aaron Phillips,1836
Roland Delorme,1013
Anying Wang,2720
Sai Wang,1015
Elizabeth Phillips,2429
Tom Watson,2554
Mike de la Torre,2359
Hernani Perpetuo,2710
Kyle Kingsbury,2921
Akbarh Arreola,2529
Andreas Stahl,2524
Steven Siler,2716
Cody Donovan,2842
Justin Salas,2494
Jesse Ronson,1815
Patrick Walsh,2623
Robert Drysdale,1028
George Roop,2545
Colton Smith,1030
Johnny Bedford,2672
Marcelo Guimaraes,2490
Clint Hester,2479
Chris Indich,2715
Bobby Voelker,2739
Yaotzin Meza,2496
Rodrigo Damm,2634
Vaughan Lee,2561
Chris Holdsworth,1039
Anthony Njokuani,2659
Constantinos Philippou,2585
Anthony Lapsley,2751
Estevan Payan,2740
Ryan Jimmo,2582
Mark Bocek,3032
Antonio Rodrigo Nogueira,2557
Ronny Markes,2902
Thiago Perpetuo,1048
Jake Shields,2760
Robert McDaniel,2771
Will Campuzano,1051
Sean Spencer,2421
Daniel Pineda,1647
Renee Forte,2762
Cyrille Diabate,2819
Phil Harris,2682
Albert Cheng,1057
Nam Phan,2745
Cody Gibson,2619
Rafaello Oliveira,2783
Ernest Chavez,2663
Cristiano Marcello,1062
Ildemar Alcantara,2567
Nick Catone,2834
Chico Camus,2544
Ramiro Hernandez,2764
Isaac Vallie-Flagg,2644
Charlie Brenneman,2648
Royston Wee,2589
Dustin Kimura,2640
Chris Leben,2955
Robert Peralta,2603
Darren Uyenoyama,2799
Nick Ring,2866
Pat Barry,2959
Julie Kedzie,1076
Ben Wall,2707
Bruno Santos,2660
Josh Sampo,2584
Josh Koscheck,2608
Georges St-Pierre,2292
Jason High,2702
Jose Maria,2775
Alessio Sakara,2845
Jimy Hettes,2599
Rosi Sexton,2784
TJ Waldburger,2725
Jeremy Larsen,2793
Dustin Pague,2785
George Sotiropoulos,1090
Rousimar Palhares,2841
Thiago Silva,2895
Iliarde Santos,2777
Pat Healy,2686
Ivan Menjivar,2721
Mike Ricci,2833
Chris Clements,2597
Brendan Schaub,2641
Nandor Guelmino,1099
Marcos Vinicius,2836
Joao Zeferino,2791
Keith Wisniewski,2938
Yuri Villefort,2818
Louis Gaudinot,2632
Pascal Krauss,2826
Ryan Couture,1106
Jared Hamman,2950
Justin Edwards,2581
James Head,2837
Roger Bowling,2743
Mike Brown,2983
Vinny Magalhaes,2796
Ednaldo Oliveira,2910
Mac Danzig,2742
John Albert,2844
Aaron Riley,2940
Mike Pierce,2519
Sean Pierson,2881
Brian Bowles,2923
Leonard Garcia,2972
Clifford Starks,2903
Justin Lawrence,1122
Bristol Marunde,2778
Chris Spang,1124
Ben Alloway,2773
Michael Kuiper,2755
Papy Abedi,2768
Antonio Carvalho,2913
Riki Fukuda,2870
Wanderlei Silva,3084
Nah-Shon Burrell,2790
Jon Manley,1132
Paul Sass,2885
Terry Etim,2911
Che Mills,2891
Jon Fitch,2976
Jacob Volkmann,3015
Edwin Figueroa,2752
Mike Stumpf,2946
TJ Grant,2789
Mike Russow,2873
Simeon Thoresen,2858
Diego Nunes,2855
Wagner Prado,2851
Melvin Guillard,2719
Philip De Fries,2804
Reuben Duran,2810
Jared Papazian,2878
Mike Rio,2731
Colin Fletcher,2808
Brendan Loughnane,1151
Nick Penner,2898
Marcus LeVesseur,2886
Mark Hominick,2965
Matthew Riddle,2821
Yasuhiro Urushitani,2897
Rich Franklin,2872
Zhang Tiequan,1158
Luiz Cane,3057
Josh Neer,2813
Aaron Simpson,2956
Bart Palaszewski,2803
Dan Hardy,2971
John Hathaway,2723
DaMarques Johnson,2864
Jason Young,2931
Matt Hamill,2759
Ken Stone,2964
Josh Grispi,2822
Cheick Kongo,2797
Damacio Page,2894
Karlos Vemola,2788
Cung Le,2677
Forrest Griffin,2948
John Alessio,2892
John Teixeira,1176
Delson Heleno,1177
Anistavio Medeiros,1178
Buddy Roberts,2861
Henry Martinez,2843
Jake Hecht,2900
Jonathan Brookins,2835
Jason Miller,2917
Cody McKenzie,2744
Amir Sadollah,2666
Jason MacDonald,2943
Jeff Curran,2932
Alex Soto,2920
Mike Massenzio,2912
Miguel Torres,1190
Brian Stann,2811
Oli Thompson,2863
Mackens Semerzier,2974
Norifumi Yamamoto,2613
Anton Kuivanen,2812
Nick Diaz,2625
Dan Stittgen,2868
Chael Sonnen,2750
Joey Beltran,2757
Mike Easton,2700
Duane Ludwig,2856
Kamal Shalorus,2889
Jorge Rivera,2977
Joseph Sandoval,2937
Ricardo Funch,2877
Vladimir Matyushenko,2827
Tito Ortiz,2869
Claude Patrick,2966
Krzysztof Soszynski,2962
Rich Attonito,2958
Walel Watson,2859
Stephan Bonnar,2850
Tom Lawlor,2491
Aaron Rosa,2899
Michihiro Omigawa,2865
John Maguire,2786
Rob Broughton,2941
Chris Cope,2904
Tyson Griffin,3142
Brandon Vera,2766
Mirko Filipovic,2601
Steve Cantwell,2901
Shane Roller,2854
Matt Hughes,3158
Junior Assuncao,2914
Alan Belcher,2798
Clay Harvison,2927
Dennis Hallman,2915
Jeff Hougland,2847
Daniel Roberts,2907
Joe Stevenson,3039
Christian Morecraft,2908
Vagner Rocha,2652
Shane Carwin,3018
Dave Herman,2781
Jesse Bongfeldt,1236
Kenny Florian,2936
Ryan McGillivray,1238
Chuck O'Neil,1239
Danny Downes,2934
Kendall Grove,3076
Cole Escovedo,2926
Jon Madsen,1243
Mario Miranda,3012
Sean McCorkle,2990
Waylon Lowe,3008
Ricardo Almeida,2992
Kurt Pellegrino,3017
Rob Kimmons,2997
Tom Blackledge,1250
Maciej Jewtuszko,1251
Paul Taylor,3002
Phil Baroni,3060
Joe Doerksen,3007
Pat Audinwood,3006
Sako Chivitchian,1256
Ian Loveland,2949
Fredson Paixao,1258
Karo Parisyan,3168
Gerald Harris,1260
Mike Lullo,2945
Paul Kelly,2980
Kris McCray,2973
Seth Petruzelli,3220
Mike Guymon,2984
James Wilks,3063
James McSweeney,1267
Spencer Fisher,2875
Sean Sherk,3087
Matt Serra,3088
Steve Lopez,3069
Tomasz Drwal,3033
Brian Foster,2995
Andre Winner,2957
Randy Couture,2967
Nick Osipczak,2999
Rodney Wallace,3052
Dustin Hazelett,2991
Todd Brown,2975
James Irvin,3035
Chris Lytle,2951
Forrest Petz,3011
Jamie Yager,1283
John Gunderson,3010
Keith Jardine,3040
Josh Bryant,1286
David Loiseau,3094
Chuck Liddell,3093
Jason Brilz,2922
Jesse Forbes,3048
Marcus Davis,2987
Kevin Ferguson,1292
Yoshiyuki Yoshida,3065
Rob Emerson,3071
Caol Uno,3083
Nate Quarry,3137
Eliot Marshall,2933
Eric Schafer,2909
Chris Tuchscherer,2978
Martin Kampmann,2770
Paul Daley,3024
Ryan Jensen,2969
Jake Rosholt,3058
Jesse Lennox,3020
Mark Coleman,3042
Shannon Gugerty,3036
Brad Blackburn,3027
Jason Dent,3061
Brock Larson,3059
Tim Hague,2982
Kyle Bradley,3047
Drew McFedries,3070
Denis Kang,3062
Tim Credeur,2963
Shane Nelson,3049
Mike Ciesnolevicz,3080
Matt Veach,3028
Jake O'Brien,3079
Dan Cramer,3077
Antoni Hardonk,3066
Wilson Gouveia,3050
Junie Browning,3100
Rolando Delgado,3064
Steve Bruno,3115
Luigi Fioravanti,3112
Dale Hartt,3085
Justin McCully,3074
Pete Sell,3105
Hermes Franca,3068
David Bielkheden,3095
Per Eklund,3108
Ryo Chonan,3096
Chris Wilson,3073
Rory Markham,3034
Nate Loughran,3133
Kevin Burns,3051
Justin Buchholz,3043
Dean Lister,3125
Rich Clementi,3113
Rameau Thierry Sokoudjou,3143
Goran Reljic,3001
Jason Day,3106
Jonathan Goulet,3023
Marcus Aurelio,3075
Heath Herring,3151
Jorge Gurgel,3139
Marvin Eastman,3156
Corey Hill,3135
Eddie Sanchez,3136
Roman Mitichyan,3172
War Machine,3161
Troy Mandaloniz,3111
Matt Arroyo,3118
Roger Huerta,3072
Akihiro Gono,3116
Tim Sylvia,3174
Alvin Robinson,3140
Matt Grice,2815
Christian Wellisch,3117
Luke Cummo,3150
Houston Alexander,3055
Jess Liaudin,3145
Renato Sobral,3222
Nate Mohr,3124
Terry Martin,3175
Din Thomas,3169
Kalib Starnes,3165
Kuniyoshi Hironaka,3166
Drew Fickett,3230
Jason Lambert,3149
David Heath,3176
Logan Clark,1372
Travis Lutter,3164
Pete Spratt,3210
Scott Smith,3206
Charles McCarthy,3163
Carmelo Marrero,3099
Tony DeSouza,3183
Rory Singer,3209
Anthony Torres,3197
Jeff Monson,3233
Rob MacDonald,3245
Jorge Santiago,2820
Mike Nickels,3199
Jeremy Horn,3122
Evan Tanner,3154
David Terrell,3289
Dan Christison,3251
Tom Murphy,1389
Paul Buentello,3037
Marcio Cruz,3226
Jason Von Flue,3247
Sam Hoger,3223
Nick Thompson,3260
Branden Lee Hinkle,3254
Trevor Prangley,3263
Matt Lindland,3293
Mike van Arsdale,3267
Ivan Salaverry,3159
Alex Karalexis,3269
Mike Kyle,3292
Frank Trigg,3041
Justin Eilers,3266
Ken Shamrock,3239
Genki Sudo,3317
Jonathan Wiezorek,1406
Renato Verissimo,3290
Lee Murray,1408
Wesley Correira,3299
Pedro Rizzo,3318
Keith Rockel,3340
Falaniko Vitale,3303
Kimo Leopoldo,3297
Vernon White,3295
Dave Strasser,3310
Gan McGee,3308
Carlos Newton,3302
Phillip Miller,1418
Ricco Rodriguez,3306
Ian Freeman,3311
Mark Weir,3314
Tony Fryklund,3291
Benji Radach,3321
Murilo Bustamante,3345
Eugene Jackson,3323
Gil Castillo,3320
Jens Pulver,3202
Kevin Randleman,3351
Andrei Semenov,3332
Dave Menne,3228
Jutaro Nakao,3338
Pat Miletich,3339
Semmy Schilt,3349
Shonie Carter,3229
Fabiano Iha,3346
Bobby Hoffman,3343
Elvis Sinosic,3216
Ben Earwood,1438
Mark Hughes,1439
Yuki Kondo,3348
Maurice Smith,3359
Brad Gumm,3375
Tyrone Roberts,1443
Amaury Bitetti,3456
Laverne Clark,3365
Sanae Kikuta,1446
Ron Waterman,3387
Ikuhisa Minowa,1448
Scott Adams,1449
Tedd Williams,3366
Bob Cook,1451
Lance Gibson,3354
Kenichi Yamamoto,3355
Joe Slick,3374
Katsuhisa Fujii,3379
Brad Kohler,3416
John Lewis,3358
Frank Shamrock,1458
Tim Lajcik,3363
Tsuyoshi Kohsaka,3333
Andre Roberts,3399
Paul Jones,3383
Travis Fulton,3393
Pete Williams,3336
Bas Rutten,1465
Marcelo Mello,1466
Sione Latu,1467
Gary Goodridge,3445
Mikey Burnett,3405
Ebenezer Fontes Braga,1470
Tulio Palhares,1471
David Abbott,3304
Jerry Bohlander,3401
Tra Telligman,3277
Kazushi Sakuraba,1475
Alex Hunter,1476
Mark Kerr,1477
Dwayne Cason,3420
Dave Beneteau,3466
Kevin Jackson,3415
Joe Moreira,3460
Dan Bobish,3424
Guy Mezger,3397
Enson Inoue,1484
Steven Graham,3435
Jack Nilson,1486
Scott Ferrozzo,3438
Yoshiki Takahashi,1488
Don Frye,3451
Brian Johnston,3429
Geza Kalman,1491
Dan Severn,3362
Steve Nelmark,3443
Mark Hall,3446
Cal Worsham,3442
Rafael Carino,1496
Mark Schultz,1497
Paul Varelans,3444
Oleg Taktarov,3465
Marco Ruas,3392
Remco Pardoel,3470
Scott Bessac,1502
Patrick Smith,3489
Todd Medina,3476
Jon Hess,1505
Royce Gracie,3257
Steve Jennum,3464
Keith Hackney,3463
Harold Howard,3468
Johnny Rhodes,3492
Frank Hamaker,1511
Jason DeLucia,3380
Orlando Wiet,3491
Scott Morris,3490
Gustavo Lopez,1515
Roman Dolidze,1516
Harry Hunsucker,1517
Montserrat Conejo,1518
Macy Chiasson,1519
Grant Dawson,1520
Max Griffin,1521
Kevin Holland,1522
Jesse Strader,1523
JP Buys,1524
Matheus Nicolau,1525
Ryan Spann,1526
Belal Muhammad,1527
Marcelo Rojo,1528
Darren Stewart,1529
Ashley Yoder,1530
Davey Grant,1531
Gavin Tucker,1532
Rafa Garcia,1533
JJ Aldrich,1534
Jason Witt,1535
Ray Rodriguez,1536
Jinh Yu Frey,1537
Casey Kenney,1538
Kyler Phillips,1539
Aljamain Sterling,1540
Israel Adesanya,1541
Aleksandar Rakic,1542
Askar Askarov,1543
Megan Anderson,1544
Drew Dober,1545
Jordan Espinosa,1546
Amanda Lemos,1547
Kai Kara-France,1548
Aalon Cruz,1549
Carlos Ulberg,1550
Jake Matthews,1551
Trevin Jones,1552
Ciryl Gane,1553
Mayra Bueno Silva,1554
Ronnie Lawrence,1555
Thiago Moises,1556
Jimmie Rivera,1557
Kevin Croom,1558
Sabina Mazo,1559
Magomed Ankalaev,1560
Maxim Grishin,1561
Chris Daukaus,1562
Darrick Minner,1563
Nassourdine Imavov,1564
Derrick Lewis,1565
John Castaneda,1566
Tom Aspinall,1567
Danny Chavez,1568
Yana Kunitskaya,1569
Drako Rodriguez,1570
Jared Vanderaa,1571
Julian Erosa,1572
Casey O'Neill,1573
Alexa Grasso,1574
Dhiego Lima,1575
Julian Marquez,1576
Gilbert Burns,1577
Brian Kelleher,1578
Ian Heinisch,1579
Mallory Martin,1580
Anthony Hernandez,1581
Philip Rowe,1582
Chris Gutierrez,1583
Manel Kape,1584
Joselyne Edwards,1585
Justin Jaynes,1586
Clay Guida,1587
Alexander Volkov,1588
Beneil Dariush,1589
Frankie Edgar,1590
Danilo Marques,1591
Jerome Rivera,1592
Youssef Zalal,1593
Lara Procopio,1594
Martin Day,1595
Michael Chandler,1596
Makhmud Muradov,1597
Sara McMann,1598
Joanne Calderwood,1599
Conor McGregor,1600
Antonio Carlos Junior,1601
Matt Frevola,1602
Amanda Ribas,1603
Zhalgas Zhumagulov,1604
Marcin Prachnio,1605
Movsar Evloev,1606
Gaetano Pirrello,1607
Tom Breese,1608
Mounir Lazzez,1609
Tyson Nam,1610
Viviane Araujo,1611
Vinicius Moreira,1612
Neil Magny,1613
Douglas Silva de Andrade,1614
Zarrukh Adashev,1615
Mason Jones,1616
Markus Perez,1617
Sergey Morozov,1618
Manon Fiorot,1619
Dusko Todorovic,1620
Justin Tafa,1621
Matt Brown,1622
Ramazan Emeev,1623
Alessio Di Chirico,1624
Li Jingliang,1625
Calvin Kattar,1626
Vanessa Melo,1627
Austin Lingo,1628
Rob Font,1629
Pannie Kianzad,1630
Antonio Arroyo,1631
Geoff Neal,1632
Marlon Vera,1633
Alex Morono,1634
Greg Hardy,1635
Khaos Williams,1636
Taila Santos,1637
Cody Durden,1638
Jamie Pickett,1639
Carlton Minus,1640
Rafael Fiziev,1641
Jacare Souza,1642
Virna Jandiroba,1643
Charles Oliveira,1644
Brandon Moreno,1645
Billy Quarantillo,1646
Daniel Pineda,1647
Sam Hughes,1648
Peter Barrett,1649
John Allan,1650
Damon Jackson,1651
Jose Quinonez,1652
Jake Collier,1653
Jamahal Hill,1654
Jordan Leavitt,1655
Marvin Vettori,1656
Norma Dumont,1657
Kai Kamaka,1658
Takashi Sato,1659
Parker Porter,1660
Devin Clark,1661
Bill Algeo,1662
Anderson Dos Santos,1663
Nate Maness,1664
Rachael Ostovich,1665
Malcolm Gordon,1666
Brandon Royval,1667
Jordan Wright,1668
Cynthia Calvillo,1669
Ariane Lipski,1670
Jennifer Maia,1671
Alex Perez,1672
Paul Craig,1673
Tim Means,1674
Jared Gooden,1675
Nicolas Dalby,1676
Sasha Palatnikov,1677
Dustin Stoltzfus,1678
Miranda Granger,1679
Cory McKenna,1680
Kanako Murata,1681
Sean Strickland,1682
Tony Gravely,1683
Rhys McKee,1684
Rafael Dos Anjos,1685
Roque Martinez,1686
Glover Teixeira,1687
Tanner Boser,1688
Marcos Rogerio de Lima,1689
Yan Xiaonan,1690
Eduardo Garagorri,1691
Jamey Simmons,1692
Khalid Taha,1693
Bevon Lewis,1694
Anthony Birchak,1695
Ramiz Brahimaj,1696
Alexander Hernandez,1697
Victor Rodriguez,1698
Jack Marshman,1699
Charlie Ontiveros,1700
Anderson Silva,1701
Andre Fili,1702
Justin Ledet,1703
Kevin Natividad,1704
Phil Hawes,1705
Walt Harris,1706
Ion Cutelaba,1707
Tai Tuivasa,1708
Jared Cannonier,1709
Liliya Shakirova,1710
Justin Gaethje,1711
Alexander Yakovlev,1712
Miranda Maverick,1713
Sam Alvey,1714
Shavkat Rakhmonov,1715
Jessica Andrade,1716
Jonathan Martinez,1717
Modestas Bukauskas,1718
Guram Kutateladze,1719
John Phillips,1720
Poliana Botelho,1721
James Krause,1722
Chan Sung Jung,1723
Mark Striegl,1724
Fares Ziam,1725
Cory Sandhagen,1726
KB Bhullar,1727
Rodrigo Nascimento,1728
Dricus Du Plessis,1729
Marcin Tybura,1730
Ilia Topuria,1731
Alan Baudot,1732
Makwan Amirkhani,1733
Joaquin Buckley,1734
Omar Morales,1735
Tony Kelley,1736
Stephanie Egger,1737
Tagir Ulanbekov,1738
Court McGee,1739
Josh Culibao,1740
Julianna Pena,1741
Cameron Else,1742
Irene Aldana,1743
Carlos Felipe,1744
Heili Alateng,1745
Jessin Ayari,1746
Sijara Eubanks,1747
Paulo Costa,1748
Ludovit Klein,1749
Alex Da Silva,1750
Jan Blachowicz,1751
Zubaira Tukhugov,1752
Aleksa Camur,1753
Jeff Hughes,1754
Tyron Woodley,1755
Randa Markos,1756
David Dvorak,1757
Gerald Meerschaert,1758
Niko Price,1759
Sarah Alpar,1760
TJ Laramie,1761
Randy Costa,1762
Mara Romero Borella,1763
Irwin Rivera,1764
Alan Patrick,1765
Kyle Nelson,1766
Angela Hill,1767
Andrea Lee,1768
Mike Rodriguez,1769
Khama Worthy,1770
Jalin Turner,1771
Anthony Ivy,1772
Justine Kish,1773
Alonzo Menifield,1774
Zelim Imadaev,1775
Montana De La Rosa,1776
Bartosz Fabinski,1777
Hunter Azure,1778
Augusto Sakai,1779
Zak Cummings,1780
Austin Springer,1781
Impa Kasanganay,1782
Christian Aguilera,1783
Hannah Cifers,1784
Emily Whitmire,1785
Matthew Semelsberger,1786
Dwight Grant,1787
Inoue Mizuki,1788
Shana Dobson,1789
Joe Solecki,1790
Jairzinho Rozenstruik,1791
Merab Dvalishvili,1792
Daniel Cormier,1793
Vinc Pichel,1794
Livinha Souza,1795
Laureano Staropoli,1796
Alexander Munoz,1797
Aleksei Oleinik,1798
Julija Stoliarenko,1799
Scott Holtzman,1800
Chris Weidman,1801
Ali AlQaisi,1802
Wellington Turman,1803
Vince Cachero,1804
Randy Brown,1805
Edmen Shahbazyan,1806
Bobby Green,1807
Peter Sobotta,1808
Darren Till,1809
Rogerio Nogueira,1810
Jai Herbert,1811
Marina Rodriguez,1812
Gadzhimurad Antigulov,1813
Alexander Gustafsson,1814
Jesse Ronson,1815
Raphael Pessoa,1816
Mike Grundy,1817
Niklas Stolze,1818
Joel Alvarez,1819
Kelvin Gastelum,1820
Nad Narimani,1821
Joseph Benavidez,1822
Khadis Ibragimov,1823
Luana Carolina,1824
Amir Albazi,1825
Montel Jackson,1826
Serghei Spivac,1827
Arman Tsarukyan,1828
Andreas Michailidis,1829
Khamzat Chimaev,1830
Lerone Murphy,1831
Cody Stamann,1832
Dan Ige,1833
Ryan Benoit,1834
Liana Jojua,1835
Aaron Phillips,1836
Chris Fishgold,1837
Rose Namajunas,1838
Danny Henry,1839
Jiri Prochazka,1840
Muslim Salikhov,1841
Jose Aldo,1842
Max Holloway,1843
Jorge Masvidal,1844
Paige VanZant,1845
Roman Bogatov,1846
Maurice Greene,1847
Mickey Gall,1848
Dan Hooker,1849
Kyle Daukaus,1850
Roosevelt Roberts,1851
Oskar Piechota,1852
Lyman Good,1853
Shane Burgos,1854
Brianna Van Buren,1855
Marion Reneau,1856
Gillian Robertson,1857
Lauren Murphy,1858
Max Rohskopf,1859
Charles Jourdain,1860
Mark De La Rosa,1861
Kevin Aguilar,1862
Gina Mazany,1863
Sean O'Malley,1864
Chase Hooper,1865
Cody Garbrandt,1866
Felicia Spencer,1867
Anthony Rocco Martin,1868
Maki Pitolo,1869
Herbert Burns,1870
Klidson Abreu,1871
Gabe Green,1872
Antonina Shevchenko,1873
Brok Weaver,1874
Spike Carlyle,1875
Vince Morales,1876
Edson Barboza,1877
Krzysztof Jotko,1878
Miguel Baeza,1879
Nate Landwehr,1880
Don'Tale Mayes,1881
Ray Borg,1882
Ovince Saint Preux,1883
Philipe Lins,1884
Sarah Moras,1885
Ike Villanueva,1886
Michelle Waterson,1887
Donald Cerrone,1888
Fabricio Werdum,1889
Dominick Cruz,1890
Yorgan De Castro,1891
Charles Rosa,1892
Damir Hadzovic,1893
Aleksei Kunchenko,1894
Nikita Krylov,1895
John Makdessi,1896
Enrique Barzola,1897
Maryna Moroz,1898
Bea Malecki,1899
Drakkar Klose,1900
Yoel Romero,1901
Joanna Jedrzejczyk,1902
Saparbeg Safarov,1903
Austin Hubbard,1904
Jamall Emmers,1905
Guido Cannetti,1906
Deron Winn,1907
Zarah Fairn,1908
Deiveson Figueiredo,1909
TJ Brown,1910
Ismail Naurdiev,1911
Steve Garcia,1912
Michal Oleksiejczuk,1913
Magomed Mustafaev,1914
Emil Meek,1915
Song Kenan,1916
Daniel Rodriguez,1917
Yancy Medeiros,1918
Kazula Vargas,1919
Michel Pereira,1920
Nathaniel Wood,1921
Dequan Townsend,1922
Raulian Paiva,1923
Shanna Young,1924
Katlyn Chookagian,1925
Ilir Latifi,1926
Dominick Reyes,1927
Journey Newson,1928
Mario Bautista,1929
Junior Dos Santos,1930
Lucie Pudilova,1931
Darko Stosic,1932
Michael Chiesa,1933
Felipe Colares,1934
Nik Lentz,1935
Lina Lansberg,1936
Diego Ferreira,1937
Raquel Pennington,1938
Maycee Barber,1939
Sodiq Yusuff,1940
Ode Osbourne,1941
Nasrat Haqparast,1942
Suman Mokhtarian,1943
Pingyuan Liu,1944
Matt Schnell,1945
Marc-Andre Barriault,1946
Said Nurmagomedov,1947
Mike Perry,1948
Omari Akhmedov,1949
Germaine de Randamie,1950
Alexander Volkanovski,1951
Urijah Faber,1952
Colby Covington,1953
Ben Saunders,1954
Daniel Teymur,1955
Ricky Simon,1956
Song Yadong,1957
Ben Rothwell,1958
Jacob Kilburn,1959
Matt Wiman,1960
Matt Sayles,1961
Trevor Smith,1962
Jared Gordon,1963
Andre Muniz,1964
Isabela de Padua,1965
Renan Barao,1966
Tracy Cortez,1967
Danny Roberts,1968
Sergey Khandozhko,1969
Ed Herman,1970
Dalcha Lungiambula,1971
David Zawada,1972
Karl Roberson,1973
Gregor Gillespie,1974
Vicente Luque,1975
Nate Diaz,1976
Johnny Walker,1977
Blagoy Ivanov,1978
Hakeem Dawodu,1979
Chance Rencountre,1980
Stevie Ray,1981
Ben Askren,1982
Sergei Pavlovich,1983
Aleksandra Albu,1984
Ben Sosoli,1985
Diana Belbita,1986
Manny Bermudez,1987
Jonathan Pearce,1988
Jeremy Stephens,1989
Boston Salmon,1990
Sean Woodson,1991
Sean Brady,1992
Thomas Gifford,1993
Kron Gracie,1994
Luis Pena,1995
James Vick,1996
Tim Elliott,1997
Andre Ewell,1998
Hector Aldana,1999
Andrew Sanchez,2000
Lauren Mueller,2001
Rostem Akman,2002
Jamie Mullarkey,2003
Bruno Silva,2004
Ji Yeon Kim,2005
Khalil Rountree Jr.,2006
Alex Oliveira,2007
Danilo Belluardo,2008
Giga Chikadze,2009
Lando Vannata,2010
Nohelin Hernandez,2011
Steven Peterson,2012
Carlos Huachin,2013
Marcos Mariano,2014
Bethe Correia,2015
Jimmy Crute,2016
Miles Johns,2017
Tristan Connelly,2018
Ryan MacDonald,2019
Jordan Griffin,2020
Shamil Abdurakhimov,2021
Davi Ramos,2022
Dustin Poirier,2023
Paul Felder,2024
Teemu Packalen,2025
Elizeu Zaleski dos Santos,2026
Andre Soukhamthath,2027
Zhang Weili,2028
Derrick Krantz,2029
Batgerel Danaa,2030
Stipe Miocic,2031
Brandon Davis,2032
Jodie Esquibel,2033
Humberto Bandenay,2034
Bobby Moffett,2035
Liz Carmouche,2036
Polyana Viana,2037
Dong Hyun Ma,2038
Kennedy Nzechukwu,2039
Robbie Lawler,2040
Hannah Goldy,2041
Cole Williams,2042
Salim Touahri,2043
SeungWoo Choi,2044
Yoshinori Horie,2045
Sarah Frota,2046
Kyle Stewart,2047
Leon Edwards,2048
Francisco Trinaldo,2049
Juan Adams,2050
Gabriel Silva,2051
Jin Soo Son,2052
Sheymon Moraes,2053
Cezar Ferreira,2054
Mirsad Bektic,2055
Nicco Montano,2056
Aspen Ladd,2057
Ryan Hall,2058
Holly Holm,2059
Thiago Santos,2060
Arnold Allen,2061
Luke Rockhold,2062
Marco Polo Reyes,2063
Junior Albini,2064
Dan Moret,2065
Syuri Kondo,2066
Molly McCann,2067
Eric Spicely,2068
Pedro Munhoz,2069
Nina Ansaroff,2070
Jessica Eye,2071
Petr Yan,2072
Marlon Moraes,2073
Grigory Popov,2074
Leonardo Santos,2075
Christos Giagos,2076
Anthony Smith,2077
Sung Bin Jo,2078
Frank Camacho,2079
Duda Santana,2080
Kevin Lee,2081
Trevin Giles,2082
Kurt Holobaugh,2083
Sergio Moraes,2084
Priscila Cachoeira,2085
Elias Theodorou,2086
Kyle Prepolec,2087
Cole Smith,2088
Dmitrii Smoliakov,2089
Jack Hermansson,2090
Mike Davis,2091
Jason Gonzalez,2092
Alen Amedovski,2093
Marcelo Golm,2094
Keita Nakamura,2095
Alexandre Pantoja,2096
Desmond Green,2097
Jessica Aguilar,2098
Michael Johnson,2099
Anthony Pettis,2100
Frankie Saenz,2101
Justin Willis,2102
Jesus Pinedo,2103
Joe Duffy,2104
Jordan Rinaldi,2105
Claudio Silva,2106
Gunnar Nelson,2107
Curtis Millender,2108
Zak Ottow,2109
Zabit Magomedsharipov,2110
Kamaru Usman,2111
Alejandro Perez,2112
Charles Byrd,2113
Carlo Pedersoli Jr.,2114
Myles Jury,2115
Cain Velasquez,2116
Bryan Barberena,2117
Luke Sanders,2118
Austin Arnett,2119
Nadia Kassem,2120
Kyung Ho Kang,2121
David Teymur,2122
Renato Moicano,2123
Rogerio Bontorin,2124
TJ Dillashaw,2125
Dustin Ortiz,2126
Allen Crowder,2127
Te Edwards,2128
Amanda Nunes,2129
Corey Anderson,2130
Siyar Bahadurzada,2131
Al Iaquinta,2132
Sergio Pettis,2133
Joaquim Silva,2134
Kyle Bochniak,2135
Eryk Anders,2136
Matthew Lopez,2137
Brian Ortega,2138
Ben Nguyen,2139
Tyson Pedro,2140
Damir Ismagulov,2141
Justin Frazier,2142
Bryan Caraway,2143
Darrell Horcher,2144
Leah Letson,2145
Ricky Rainey,2146
Michel Batista,2147
Rashad Coulter,2148
Francis Ngannou,2149
Louis Smolka,2150
Yuta Sasaki,2151
Santiago Ponzinibbio,2152
Darren Elkins,2153
Yair Rodriguez,2154
Amanda Cooper,2155
Eric Shelton,2156
John Gunther,2157
Joby Sanchez,2158
Roxanne Modafferi,2159
Patrick Cummins,2160
Artem Lobov,2161
Talita Bernardo,2162
Don Madge,2163
Jussier Formiga,2164
Felice Herrig,2165
Tonya Evinger,2166
Evan Dunham,2167
Chase Sherman,2168
Luigi Vendramini,2169
Hector Lombard,2170
Alex Chambers,2171
Kajan Johnson,2172
Thiago Alves,2173
CB Dollaway,2174
Jordan Johnson,2175
Stefan Sekulic,2176
Terrion Ware,2177
John Dodson,2178
Karolina Kowalkiewicz,2179
Tatiana Suarez,2180
Alex White,2181
Craig White,2182
Jarred Brooks,2183
Iuri Alcantara,2184
Tim Williams,2185
Warlley Alves,2186
Kalindra Faria,2187
George Sullivan,2188
Jon Tuck,2189
Brett Johns,2190
Henry Cejudo,2191
Wuliji Buren,2192
Jose Torres,2193
Islam Makhachev,2194
Tecia Torres,2195
Olivier Aubin-Mercier,2196
Alvaro Herrera Mendoza,2197
Ross Pearson,2198
Abu Azaitar,2199
Marc Diakiese,2200
Stefan Struve,2201
Chad Mendes,2202
Rick Glenn,2203
Raoni Barcelos,2204
Elias Garcia,2205
Brad Katona,2206
Joe Giannetti,2207
Richie Smullen,2208
Barb Honchak,2209
Martin Bravo,2210
Allan Zuniga,2211
Bryce Mitchell,2212
Daichi Abe,2213
Shane Young,2214
Naoki Inoue,2215
Melinda Fabian,2216
Carla Esparza,2217
Curtis Blaydes,2218
Mike Jackson,2219
Chris de la Rocha,2220
Daniel Spitz,2221
Gleison Tibau,2222
Mads Burnell,2223
Nordine Taleb,2224
Michel Prazeres,2225
Chad Laprise,2226
Felipe Silva,2227
Nick Hein,2228
Lyoto Machida,2229
Sultan Aliev,2230
James Bochnovic,2231
Cub Swanson,2232
Alex Garcia,2233
Luan Chagas,2234
Cortney Casey,2235
John Moraga,2236
Brad Tavares,2237
Yushin Okami,2238
Patrick Williams,2239
Adam Wieczorek,2240
Chris Gruetzemacher,2241
Ashlee Evans-Smith,2242
Oliver Enkamp,2243
Dmitry Sosnovskiy,2244
Andrei Arlovski,2245
Mackenzie Dern,2246
Ketlen Vieira,2247
Adam Milstead,2248
Alan Jouban,2249
Russell Doane,2250
Brian Camozzi,2251
Thibault Gouti,2252
Jeremy Kennedy,2253
Cyril Asker,2254
Mizuto Hirota,2255
Joe Soto,2256
Joseph Morales,2257
Derek Brunson,2258
Godofredo Pepey,2259
Juliana Lima,2260
Francimar Barroso,2261
Volkan Oezdemir,2262
Abdul Razak Alhassan,2263
Julio Arce,2264
Dooho Choi,2265
Jessica-Rose Clark,2266
Mike Santiago,2267
Josh Emmett,2268
Misha Cirkunov,2269
Galore Bofando,2270
Oluwale Bamgbose,2271
Abel Trujillo,2272
Erick Silva,2273
Gabriel Benitez,2274
Benito Lopez,2275
Angela Magana,2276
Ryan Janes,2277
Bharat Kandare,2278
Bobby Nash,2279
Alex Caceres,2280
Hu Yaozong,2281
Rolando Dy,2282
Daniel Kelly,2283
Bojan Velickovic,2284
Ashkan Mokhtarian,2285
Will Brooks,2286
Diego Sanchez,2287
Viviane Pereira,2288
Michel Quinones,2289
Marcel Fortuna,2290
Mark Godbeer,2291
Georges St-Pierre,2292
Ricardo Ramos,2293
Jim Miller,2294
Christian Colombo,2295
Jonathan Wilson,2296
Bibulatov Magomed,2297
Marco Beltran,2298
Chan-Mi Jeon,2299
Henrique da Silva,2300
Luke Jumeau,2301
Hyun Gyu Lim,2302
Alex Reyes,2303
David Branch,2304
Azunna Anyanwu,2305
Uriah Hall,2306
Wilson Reis,2307
Valentina Shevchenko,2308
Gilbert Melendez,2309
Adriano Martins,2310
Arjan Bhullar,2311
Rob Wilkinson,2312
Andrew Holbrook,2313
Abdul-Kerim Edilov,2314
Hector Sandoval,2315
Rashad Evans,2316
Rani Yahya,2317
Robert Sanchez,2318
Diego Rivas,2319
Demian Maia,2320
Jason Knight,2321
Jon Jones,2322
Thomas Almeida,2323
Gian Villante,2324
Chris Wade,2325
Neil Seery,2326
Albert Morales,2327
Alistair Overeem,2328
Robert Whittaker,2329
Nick Roehrick,2330
Jesse Taylor,2331
Tom Gallicchio,2332
Teruto Ishihara,2333
Dennis Siver,2334
Johny Hendricks,2335
Erik Koch,2336
Jeremy Kimball,2337
Johnny Case,2338
Carls John De Tomas,2339
Dominique Steele,2340
Mark Hunt,2341
Nate Marquardt,2342
Jamie Moyle,2343
Jim Wallhead,2344
Damian Stasiak,2345
Alex Nicholson,2346
Chris Camozzi,2347
Eddie Wineland,2348
Danielle Taylor,2349
Michael McBride,2350
Cindy Dandois,2351
Joe Proctor,2352
Tom Duquesnoy,2353
Rashid Magomedov,2354
Roy Nelson,2355
Augusto Mendes,2356
Nathan Coy,2357
Gegard Mousasi,2358
Mike de la Torre,2359
Patrick Cote,2360
Pearl Gonzalez,2361
Anthony Johnson,2362
Timothy Johnson,2363
Reza Madadi,2364
Scott Askham,2365
Joshua Burkman,2366
Luis Henrique,2367
Stephen Thompson,2368
Travis Browne,2369
Alex Ricci,2370
Reginaldo Vieira,2371
Tim Boetsch,2372
Phillipe Nover,2373
Roan Carneiro,2374
Michinori Tanaka,2375
Bec Rawlings,2376
JC Cottrell,2377
Marcin Held,2378
Viktor Pesta,2379
BJ Penn,2380
Joachim Christensen,2381
Tarec Saffiedine,2382
John Lineker,2383
Ronda Rousey,2384
Brad Pickett,2385
Takeya Mizugaki,2386
Fredy Serrano,2387
Rustam Khabilov,2388
Anthony Hamilton,2389
Sean O'Connell,2390
Alexis Davis,2391
Brendan O'Reilly,2392
Jonathan Meunier,2393
Guangyou Ning,2394
Geane Herrera,2395
Jenel Lausa,2396
Manvel Gamburyan,2397
Justin Scoggins,2398
Ali Bagautinov,2399
Milana Dudieva,2400
Kwan Ho Kwak,2401
Claudio Puelles,2402
Tony Ferguson,2403
Felipe Arantes,2404
Heather Clark,2405
Jason Novelli,2406
Chris Avila,2407
Albert Tumenov,2408
Jimi Manuwa,2409
Dan Henderson,2410
Daniel Omielanczuk,2411
Tamdan McCrory,2412
Antonio Silva,2413
Hector Urbina,2414
Kenny Robertson,2415
Sam Sicilia,2416
Maximo Blanco,2417
Leonardo Guimaraes,2418
Joey Gomez,2419
Caio Magalhaes,2420
Sean Spencer,2421
Veronica Macedo,2422
Leandro Issa,2423
Tae Hyun Bang,2424
Josh Barnett,2425
Leandro Silva,2426
Kevin Casey,2427
Carlos Condit,2428
Elizabeth Phillips,2429
Sabah Homasi,2430
Lorenz Larkin,2431
Joseph Gigliotti,2432
Rony Jason,2433
Horacio Gutierrez,2434
Tatsuya Kawajiri,2435
Erik Perez,2436
Jake Ellenberger,2437
Damian Grabowski,2438
Damien Brown,2439
Kailin Curran,2440
Bojan Mihajlovic,2441
James Moontasri,2442
Josh Samman,2443
Cristina Stanciu,2444
Cody Pfister,2445
Raphael Assuncao,2446
Joe Lauzon,2447
Enrique Marin,2448
Takanori Gomi,2449
Claudia Gadelha,2450
Thiago Tavares,2451
Fernando Bruno,2452
Josh Stansbury,2453
Anton Zafir,2454
Eddie Alvarez,2455
Mitch Clarke,2456
Mehdi Baghdad,2457
Alberto Mina,2458
Dileno Lopes,2459
Lukasz Sajewski,2460
Jerrod Sanders,2461
Jocelyn Jones-Lybarger,2462
Michael Bisping,2463
Ricardo Lamas,2464
Elvis Mutapcic,2465
Vitor Miranda,2466
Rick Story,2467
Alberto Uda,2468
Shane Campbell,2469
Leslie Smith,2470
Vitor Belfort,2471
Anna Elmose,2472
Garreth McLellan,2473
Willie Gates,2474
Dominic Waters,2475
Chris Kelades,2476
Rafael Natal,2477
Cody East,2478
Clint Hester,2479
Michael Graves,2480
Hacran Dias,2481
Gabriel Gonzaga,2482
Lucas Martins,2483
Frank Mir,2484
Seo Hee Ham,2485
Steve Bosse,2486
Mark Eddiva,2487
Rin Nakai,2488
Viscardi Andrade,2489
Marcelo Guimaraes,2490
Tom Lawlor,2491
Miesha Tate,2492
Chas Skelly,2493
Justin Salas,2494
Chris Dempsey,2495
Yaotzin Meza,2496
Thales Leites,2497
Martin Svensson,2498
Jarjis Danho,2499
Joe Riggs,2500
Kelly Faszholz,2501
KJ Noons,2502
Rafael Cavalcante,2503
Zach Makovsky,2504
Jared Rosholt,2505
Ryan Bader,2506
Masio Fullen,2507
Levan Makashvili,2508
Felipe Olivieri,2509
Matt Mitrione,2510
Daron Cruickshank,2511
Tony Sims,2512
Masanori Kanehara,2513
Edgar Garcia,2514
Jim Alers,2515
Danny Castillo,2516
Marcio Alexandre Junior,2517
Marcin Wrzosek,2518
Mike Pierce,2519
Konstantin Erokhin,2520
Abner Lloveras,2521
Johnny Eduardo,2522
John Howard,2523
Andreas Stahl,2524
Emily Kagan,2525
Leo Kuntz,2526
Taylor Lapilus,2527
Scott Jorgensen,2528
Akbarh Arreola,2529
Valerie Letourneau,2530
Danny Martinez,2531
Steve Montgomery,2532
Steve Kennedy,2533
Piotr Hallmann,2534
Gasan Umalatov,2535
Ericka Almeida,2536
Jon Delos Reyes,2537
Mickael Lebout,2538
Robert Whiteford,2539
Ruslan Magomedov,2540
Sage Northcutt,2541
Diego Brandao,2542
Yusuke Kasuya,2543
Chico Camus,2544
George Roop,2545
Roger Zapata,2546
Ron Stallings,2547
Tiago dos Santos e Silva,2548
Nazareno Malegarie,2549
Frankie Perez,2550
Daniel Jolly,2551
Elias Silverio,2552
Chris Beal,2553
Tom Watson,2554
Sirwan Kakai,2555
Roman Salazar,2556
Antonio Rodrigo Nogueira,2557
Soa Palelei,2558
Pawel Pawlak,2559
Ivan Jorge,2560
Vaughan Lee,2561
Leonardo Mafra,2562
Hans Stringer,2563
Paul Redmond,2564
Matt Dwyer,2565
Todd Duffee,2566
Ildemar Alcantara,2567
Hayder Hassan,2568
Brandon Thatch,2569
Rory MacDonald,2570
Henry Briones,2571
Eddie Gordon,2572
Lewis Gonzalez,2573
Joe Merritt,2574
Jessica Penne,2575
Noad Lahat,2576
Antonio Dos Santos,2577
Clay Collard,2578
Cathal Pendred,2579
Leonardo Morales,2580
Justin Edwards,2581
Ryan Jimmo,2582
Norman Parke,2583
Josh Sampo,2584
Constantinos Philippou,2585
Luke Barnatt,2586
Yui Chul Nam,2587
Yao Zhikui,2588
Royston Wee,2589
Lisa Ellis,2590
Jonavin Webb,2591
Brad Scott,2592
Kyoji Horiguchi,2593
Fabio Maldonado,2594
Sarah Kaufman,2595
David Michaud,2596
Chris Clements,2597
Aisling Daly,2598
Jimy Hettes,2599
Sheldon Westcott,2600
Mirko Filipovic,2601
Rocky Lee,2602
Robert Peralta,2603
Justin Jones,2604
Shayna Baszler,2605
Ryan LaFlare,2606
Katsunori Kikuno,2607
Josh Koscheck,2608
Cain Carrizosa,2609
Roger Narvaez,2610
Sam Stout,2611
Josh Copeland,2612
Norifumi Yamamoto,2613
Cat Zingano,2614
Valmir Lazaro,2615
Richard Walsh,2616
Ruan Potts,2617
Alex Torres,2618
Cody Gibson,2619
Josh Shockley,2620
Rodrigo de Lima,2621
Kiichi Kunimoto,2622
Patrick Walsh,2623
Cole Miller,2624
Nick Diaz,2625
Andy Enz,2626
Stanislav Nedkov,2627
Anthony Christodoulou,2628
Benson Henderson,2629
Shane Howell,2630
Sean Soriano,2631
Louis Gaudinot,2632
Mats Nilsson,2633
Rodrigo Damm,2634
Mike Rhodes,2635
Mitch Gagnon,2636
Igor Pokrajac,2637
Garett Whiteley,2638
Ian Entwistle,2639
Dustin Kimura,2640
Brendan Schaub,2641
Francisco Rivera,2642
Matt Hobar,2643
Isaac Vallie-Flagg,2644
Dennis Bermudez,2645
Chris Heatherly,2646
Humberto Brown Morrison,2647
Charlie Brenneman,2648
Jorge de Oliveira,2649
Rodolfo Rubio Perez,2650
Tim Gorman,2651
Vagner Rocha,2652
Guto Inocente,2653
Marcus Brimage,2654
Phil Davis,2655
Naoyuki Kotani,2656
Jake Lindsey,2657
Yosdenis Cedeno,2658
Anthony Njokuani,2659
Bruno Santos,2660
Mike Wilkinson,2661
Marcin Bandel,2662
Ernest Chavez,2663
Chris Cariaso,2664
Brian Ebersole,2665
Amir Sadollah,2666
Takenori Sato,2667
Wendell Oliveira Marques,2668
Larissa Pacheco,2669
Efrain Escudero,2670
Dashon Johnson,2671
Johnny Bedford,2672
Tateki Matsuda,2673
Jordan Mein,2674
Tom Niinimaki,2675
Dong Hyun Kim,2676
Cung Le,2677
Danny Mitchell,2678
Jianping Yang,2679
Shinsho Anzai,2680
Jack May,2681
Phil Harris,2682
Ian McCall,2683
Mike King,2684
Alptekin Ozkilic,2685
Pat Healy,2686
Tina Lahdemaki,2687
Juan Manuel Puig,2688
Matt Van Buren,2689
Daniel Spohn,2690
Keith Berish,2691
Alexis Dufresne,2692
Guilherme Vasconcelos,2693
Bubba Bush,2694
Andrew Craig,2695
Nicholas Musoke,2696
Antonio Braga Neto,2697
Roldan Sangcha'an,2698
Vik Grujic,2699
Mike Easton,2700
Lance Benoist,2701
Jason High,2702
Wagner Silva,2703
Richardson Moreira,2704
Niklas Backstrom,2705
Darrell Montague,2706
Ben Wall,2707
Seth Baczynski,2708
Khabib Nurmagomedov,2709
Hernani Perpetuo,2710
Luke Zachrich,2711
Kyle Noke,2712
Tim Kennedy,2713
Akira Corassani,2714
Chris Indich,2715
Steven Siler,2716
Mairbek Taisumov,2717
Francisco Trevino,2718
Melvin Guillard,2719
Anying Wang,2720
Ivan Menjivar,2721
Zhang Lipeng,2722
John Hathaway,2723
Shawn Jordan,2724
TJ Waldburger,2725
Andy Ogle,2726
Francis Carmont,2727
Yves Jabouin,2728
Josh Thomson,2729
Hugo Viana,2730
Mike Rio,2731
Brian Houston,2732
Luiz Dutra,2733
Quinn Mulhern,2734
Dave Galera,2735
Will Chope,2736
Shunichi Shimizu,2737
Fabricio Camoes,2738
Bobby Voelker,2739
Estevan Payan,2740
Michael McDonald,2741
Mac Danzig,2742
Roger Bowling,2743
Cody McKenzie,2744
Nam Phan,2745
Anthony Perosh,2746
James Te Huna,2747
Jessica Rakoczy,2748
Peggy Morgan,2749
Chael Sonnen,2750
Anthony Lapsley,2751
Edwin Figueroa,2752
Daniel Sarafian,2753
Mark Munoz,2754
Michael Kuiper,2755
Adlan Amagov,2756
Joey Beltran,2757
Igor Araujo,2758
Matt Hamill,2759
Jake Shields,2760
David Mitchell,2761
Renee Forte,2762
Tor Troeng,2763
Ramiro Hernandez,2764
Edimilson Souza,2765
Brandon Vera,2766
Magnus Cedenblad,2767
Papy Abedi,2768
Brian Melancon,2769
Martin Kampmann,2770
Robert McDaniel,2771
Hatsu Hioki,2772
Ben Alloway,2773
Mike Pyle,2774
Jose Maria,2775
Sheila Gaff,2776
Iliarde Santos,2777
Bristol Marunde,2778
Josh Clopton,2779
Kazuki Tokudome,2780
Dave Herman,2781
Roger Gracie,2782
Rafaello Oliveira,2783
Rosi Sexton,2784
Dustin Pague,2785
John Maguire,2786
Eddie Mendez,2787
Karlos Vemola,2788
TJ Grant,2789
Nah-Shon Burrell,2790
Joao Zeferino,2791
John Cholish,2792
Jeremy Larsen,2793
Azamat Gashimov,2794
Roger Hollett,2795
Vinny Magalhaes,2796
Cheick Kongo,2797
Alan Belcher,2798
Darren Uyenoyama,2799
Gilbert Smith,2800
Collin Hart,2801
Jimmy Quinlan,2802
Bart Palaszewski,2803
Philip De Fries,2804
Pablo Garza,2805
Adam Cella,2806
Besam Yousef,2807
Colin Fletcher,2808
Issei Tamura,2809
Reuben Duran,2810
Brian Stann,2811
Anton Kuivanen,2812
Josh Neer,2813
Lavar Johnson,2814
Matt Grice,2815
Caros Fodor,2816
Brock Jardine,2817
Yuri Villefort,2818
Cyrille Diabate,2819
Jorge Santiago,2820
Matthew Riddle,2821
Josh Grispi,2822
Motonobu Tezuka,2823
Ulysses Gomez,2824
Jay Hieron,2825
Pascal Krauss,2826
Vladimir Matyushenko,2827
Milton Vieira,2828
CJ Keith,2829
Pedro Nobre,2830
Jamie Varner,2831
Byron Bloodworth,2832
Mike Ricci,2833
Nick Catone,2834
Jonathan Brookins,2835
Marcos Vinicius,2836
James Head,2837
Shane del Rosario,2838
John Cofer,2839
Manuel Rodriguez,2840
Rousimar Palhares,2841
Cody Donovan,2842
Henry Martinez,2843
John Albert,2844
Alessio Sakara,2845
Chad Griggs,2846
Jeff Hougland,2847
Paulo Thiago,2848
Tom DeBlass,2849
Stephan Bonnar,2850
Wagner Prado,2851
Joey Gambino,2852
Carlo Prater,2853
Shane Roller,2854
Diego Nunes,2855
Duane Ludwig,2856
Demetrious Johnson,2857
Simeon Thoresen,2858
Walel Watson,2859
Tommy Hayden,2860
Buddy Roberts,2861
Eiji Mitsuoka,2862
Oli Thompson,2863
DaMarques Johnson,2864
Michihiro Omigawa,2865
Nick Ring,2866
Josh Ferguson,2867
Dan Stittgen,2868
Tito Ortiz,2869
Riki Fukuda,2870
Yoislandy Izquierdo,2871
Rich Franklin,2872
Mike Russow,2873
Wagner Campos,2874
Spencer Fisher,2875
Luis Ramos,2876
Ricardo Funch,2877
Jared Papazian,2878
Carlos Eduardo Rocha,2879
Bernardo Magalhaes,2880
Sean Pierson,2881
Pat Schilling,2882
Chris Tickle,2883
Chris Saunders,2884
Paul Sass,2885
Marcus LeVesseur,2886
Jorge Lopez,2887
Dongi Yang,2888
Kamal Shalorus,2889
Nick Denis,2890
Che Mills,2891
John Alessio,2892
Eddie Yagin,2893
Damacio Page,2894
Thiago Silva,2895
Eric Wisely,2896
Yasuhiro Urushitani,2897
Nick Penner,2898
Aaron Rosa,2899
Jake Hecht,2900
Steve Cantwell,2901
Ronny Markes,2902
Clifford Starks,2903
Chris Cope,2904
Jon Olav Einemo,2905
Dustin Jacoby,2906
Daniel Roberts,2907
Christian Morecraft,2908
Eric Schafer,2909
Ednaldo Oliveira,2910
Terry Etim,2911
Mike Massenzio,2912
Antonio Carvalho,2913
Junior Assuncao,2914
Dennis Hallman,2915
Yves Edwards,2916
Jason Miller,2917
Stephen Bass,2918
Dustin Neace,2919
Alex Soto,2920
Kyle Kingsbury,2921
Jason Brilz,2922
Brian Bowles,2923
Nick Pace,2924
Shamar Bailey,2925
Cole Escovedo,2926
Clay Harvison,2927
Matt Lucas,2928
Paul Bradley,2929
Edward Faaloloto,2930
Jason Young,2931
Jeff Curran,2932
Eliot Marshall,2933
Danny Downes,2934
Gray Maynard,2935
Kenny Florian,2936
Joseph Sandoval,2937
Keith Wisniewski,2938
Quinton Jackson,2939
Aaron Riley,2940
Rob Broughton,2941
Ricardo Romero,2942
Jason MacDonald,2943
Donny Walker,2944
Mike Lullo,2945
Mike Stumpf,2946
Dan Miller,2947
Forrest Griffin,2948
Ian Loveland,2949
Jared Hamman,2950
Chris Lytle,2951
TJ O'Brien,2952
Jason Reinhardt,2953
Yoshihiro Akiyama,2954
Chris Leben,2955
Aaron Simpson,2956
Andre Winner,2957
Rich Attonito,2958
Pat Barry,2959
Curt Warburton,2960
Javier Vazquez,2961
Krzysztof Soszynski,2962
Tim Credeur,2963
Ken Stone,2964
Mark Hominick,2965
Claude Patrick,2966
Randy Couture,2967
Charlie Valencia,2968
Ryan Jensen,2969
Kyle Watson,2970
Dan Hardy,2971
Leonard Garcia,2972
Kris McCray,2973
Mackens Semerzier,2974
Todd Brown,2975
Jon Fitch,2976
Jorge Rivera,2977
Chris Tuchscherer,2978
Antonio Banuelos,2979
Paul Kelly,2980
Gabe Ruediger,2981
Tim Hague,2982
Mike Brown,2983
Mike Guymon,2984
Willamy Freire,2985
Amilcar Alves,2986
Marcus Davis,2987
Greg Soto,2988
Antonio McKee,2989
Sean McCorkle,2990
Dustin Hazelett,2991
Ricardo Almeida,2992
Aaron Wilkinson,2993
Tyler Toner,2994
Brian Foster,2995
Maiquel Falcao,2996
Rob Kimmons,2997
Mark Scanlon,2998
Nick Osipczak,2999
Alexandre Ferreira,3000
Goran Reljic,3001
Paul Taylor,3002
Gilbert Yvel,3003
Mark Holst,3004
Vinicius Queiroz,3005
Pat Audinwood,3006
Joe Doerksen,3007
Waylon Lowe,3008
Julio Paulino,3009
John Gunderson,3010
Forrest Petz,3011
Mario Miranda,3012
John Salter,3013
James Toney,3014
Jacob Volkmann,3015
Steve Steinbeiss,3016
Kurt Pellegrino,3017
Shane Carwin,3018
James Hammortree,3019
Jesse Lennox,3020
Dan Lauzon,3021
Joe Brammer,3022
Jonathan Goulet,3023
Paul Daley,3024
Mauricio Rua,3025
Renzo Gracie,3026
Brad Blackburn,3027
Matt Veach,3028
Mostapha Al-Turk,3029
Ronys Torres,3030
Lucio Linhares,3031
Mark Bocek,3032
Tomasz Drwal,3033
Rory Markham,3034
James Irvin,3035
Shannon Gugerty,3036
Paul Buentello,3037
Chase Gormley,3038
Joe Stevenson,3039
Keith Jardine,3040
Frank Trigg,3041
Mark Coleman,3042
Justin Buchholz,3043
Mike Swick,3044
Rolles Gracie,3045
Jay Silva,3046
Kyle Bradley,3047
Jesse Forbes,3048
Shane Nelson,3049
Wilson Gouveia,3050
Kevin Burns,3051
Rodney Wallace,3052
Marcus Jones,3053
Darrill Schoonover,3054
Houston Alexander,3055
Justin Wren,3056
Luiz Cane,3057
Jake Rosholt,3058
Brock Larson,3059
Phil Baroni,3060
Jason Dent,3061
Denis Kang,3062
James Wilks,3063
Rolando Delgado,3064
Yoshiyuki Yoshida,3065
Antoni Hardonk,3066
Razak Al-Hassan,3067
Hermes Franca,3068
Steve Lopez,3069
Drew McFedries,3070
Rob Emerson,3071
Roger Huerta,3072
Chris Wilson,3073
Justin McCully,3074
Marcus Aurelio,3075
Kendall Grove,3076
Dan Cramer,3077
Danillo Villefort,3078
Jake O'Brien,3079
Mike Ciesnolevicz,3080
Frank Lester,3081
Cameron Dollar,3082
Caol Uno,3083
Wanderlei Silva,3084
Dale Hartt,3085
Denis Stojnic,3086
Sean Sherk,3087
Matt Serra,3088
Xavier Foupa-Pokam,3089
Andre Gusmao,3090
Brandon Wolff,3091
David Kaplan,3092
Chuck Liddell,3093
David Loiseau,3094
David Bielkheden,3095
Ryo Chonan,3096
Matt Horwich,3097
Jesse Sanders,3098
Carmelo Marrero,3099
Junie Browning,3100
Joe Vedepo,3101
Tim McKenzie,3102
Nissen Osterneck,3103
Ryan Madigan,3104
Pete Sell,3105
Jason Day,3106
Michael Patt,3107
Per Eklund,3108
Brian Cobb,3109
Neil Grove,3110
Troy Mandaloniz,3111
Luigi Fioravanti,3112
Rich Clementi,3113
Derek Downey,3114
Steve Bruno,3115
Akihiro Gono,3116
Christian Wellisch,3117
Matt Arroyo,3118
Tom Egan,3119
Antonio Mendes,3120
Alexandre Barros,3121
Jeremy Horn,3122
Ivan Serati,3123
Nate Mohr,3124
Dean Lister,3125
Mike Wessel,3126
Reese Andy,3127
Dan Evensen,3128
Shane Primm,3129
Jules Bruchez,3130
John Polakowski,3131
Johnny Rees,3132
Nate Loughran,3133
Brodie Farber,3134
Corey Hill,3135
Eddie Sanchez,3136
Nate Quarry,3137
Josh Hendricks,3138
Jorge Gurgel,3139
Alvin Robinson,3140
Ryan Thomas,3141
Tyson Griffin,3142
Rameau Thierry Sokoudjou,3143
Neil Wain,3144
Jess Liaudin,3145
Samy Schiavo,3146
David Baron,3147
Brad Morris,3148
Jason Lambert,3149
Luke Cummo,3150
Heath Herring,3151
Cale Yarbrough,3152
James Giboo,3153
Evan Tanner,3154
Dante Rivera,3155
Marvin Eastman,3156
Rob Yundt,3157
Matt Hughes,3158
Ivan Salaverry,3159
Kazuhiro Nakamura,3160
War Machine,3161
Jason Tan,3162
Charles McCarthy,3163
Travis Lutter,3164
Kalib Starnes,3165
Kuniyoshi Hironaka,3166
Ryan Roberts,3167
Karo Parisyan,3168
Din Thomas,3169
Jeff Cox,3170
Tommy Speer,3171
Roman Mitichyan,3172
John Halverson,3173
Tim Sylvia,3174
Terry Martin,3175
David Heath,3176
Brock Lesnar,3177
Alberto Crane,3178
Joe Veres,3179
James Lee,3180
Colin Robinson,3181
Jordan Radev,3182
Tony DeSouza,3183
Doug Evans,3184
Dorian Price,3185
Jared Rollins,3186
Richie Hightower,3187
John Kolosci,3188
Dan Barrera,3189
Billy Miles,3190
Paul Georgieff,3191
Luke Caudillo,3192
Jason Black,3193
Diego Saraiva,3194
Scott Junk,3195
Edilberto de Oliveira,3196
Anthony Torres,3197
Jason Gilliam,3198
Mike Nickels,3199
Allen Berube,3200
Floyd Sword,3201
Jens Pulver,3202
Brian Geraghty,3203
Andy Wang,3204
Brandon Melendez,3205
Scott Smith,3206
Hector Ramirez,3207
Stevie Lynch,3208
Rory Singer,3209
Pete Spratt,3210
Chad Reiner,3211
Sean Salmon,3212
David Lee,3213
Victor Valimaki,3214
Assuerio Silva,3215
Elvis Sinosic,3216
Brad Imes,3217
Josh Haynes,3218
Dokonjonosuke Mishima,3219
Seth Petruzelli,3220
Rex Holman,3221
Renato Sobral,3222
Sam Hoger,3223
Ross Pointon,3224
Chris Price,3225
Marcio Cruz,3226
Jeff Joslin,3227
Dave Menne,3228
Shonie Carter,3229
Drew Fickett,3230
Steve Byrnes,3231
Sherman Pendergarst,3232
Jeff Monson,3233
Josh Shockman,3234
Jeremy Jackson,3235
Edwin DeWees,3236
Gideon Ray,3237
Justin James,3238
Ken Shamrock,3239
Crafton Wallace,3240
Danny Abbadi,3241
Mario Neto,3242
Cory Walmsley,3243
Wes Combs,3244
Rob MacDonald,3245
Sammy Morgan,3246
Jason Von Flue,3247
Kristof Midoux,3248
Yuki Sasaki,3249
Gilbert Aldana,3250
Dan Christison,3251
Joe Jordan,3252
Kristian Rothaermel,3253
Branden Lee Hinkle,3254
Justin Levens,3255
Solomon Hutcherson,3256
Royce Gracie,3257
Fabiano Scherner,3258
Rick Davis,3259
Nick Thompson,3260
Derrick Noble,3261
Ansar Chalangov,3262
Trevor Prangley,3263
Steve Vigneault,3264
Icho Larenas,3265
Justin Eilers,3266
Mike van Arsdale,3267
Mike Whitehead,3268
Alex Karalexis,3269
Jeff Newton,3270
Kevin Jordan,3271
Kit Cope,3272
Kerry Schall,3273
Sean Gannon,3274
Keigo Kunihara,3275
Ron Faircloth,3276
Tra Telligman,3277
Brian Gassaway,3278
Koji Oishi,3279
Bill Mahood,3280
John Marsh,3281
Travis Wiuff,3282
Bobby Southworth,3283
Chris Sanford,3284
Lodune Sincaid,3285
Alex Schoenauer,3286
Jason Thacker,3287
Josh Rafferty,3288
David Terrell,3289
Renato Verissimo,3290
Tony Fryklund,3291
Mike Kyle,3292
Matt Lindland,3293
Ronald Jhun,3294
Vernon White,3295
Curtis Stout,3296
Kimo Leopoldo,3297
Wes Sims,3298
Wesley Correira,3299
Wade Shipp,3300
Tiki Ghosn,3301
Carlos Newton,3302
Falaniko Vitale,3303
David Abbott,3304
Nick Agallar,3305
Ricco Rodriguez,3306
Chris Liguori,3307
Gan McGee,3308
Gerald Strebendt,3309
Dave Strasser,3310
Ian Freeman,3311
Eddie Ruiz,3312
Richard Crunkilton,3313
Mark Weir,3314
Romie Aram,3315
Sean Alvarez,3316
Genki Sudo,3317
Pedro Rizzo,3318
Alexandre Dantas,3319
Gil Castillo,3320
Benji Radach,3321
James Zikic,3322
Eugene Jackson,3323
Leigh Remedios,3324
Chris Haseman,3325
Steve Berger,3326
Joao Pierini,3327
Zach Light,3328
Rodrigo Ruas,3329
Nick Serra,3330
Amar Suloev,3331
Andrei Semenov,3332
Tsuyoshi Kohsaka,3333
Paul Creighton,3334
Kelly Dullanty,3335
Pete Williams,3336
Hayato Sakurai,3337
Jutaro Nakao,3338
Pat Miletich,3339
Keith Rockel,3340
Chris Brennan,3341
Homer Moore,3342
Bobby Hoffman,3343
Roberto Traven,3344
Murilo Bustamante,3345
Fabiano Iha,3346
Paul Rodriguez,3347
Yuki Kondo,3348
Semmy Schilt,3349
Joey Gilbert,3350
Kevin Randleman,3351
Phil Johns,3352
Mark Robinson,3353
Lance Gibson,3354
Kenichi Yamamoto,3355
Daiju Takase,3356
Yoji Anjo,3357
John Lewis,3358
Maurice Smith,3359
Alex Stiebling,3360
Aaron Brink,3361
Dan Severn,3362
Tim Lajcik,3363
CJ Fernandes,3364
Laverne Clark,3365
Tedd Williams,3366
Marcelo Aguiar,3367
Adrian Serrano,3368
Nate Schroeder,3369
David Dodd,3370
Alex Andrade,3371
Joao Roque,3372
Satoshi Honma,3373
Joe Slick,3374
Brad Gumm,3375
David Velasquez,3376
Steve Judson,3377
Jermaine Andre,3378
Katsuhisa Fujii,3379
Jason DeLucia,3380
Keiichiro Yamamiya,3381
Masutatsu Yano,3382
Paul Jones,3383
Alfonso Alcarez,3384
Lowell Anderson,3385
Jason Godsey,3386
Ron Waterman,3387
Valeri Ignatov,3388
Andre Pederneiras,3389
Royce Alger,3390
Flavio Luiz Moura,3391
Marco Ruas,3392
Travis Fulton,3393
Chris Condo,3394
David Roberts,3395
Tony Petarra,3396
Guy Mezger,3397
Joey Roberts,3398
Andre Roberts,3399
Frank Caracci,3400
Jerry Bohlander,3401
Darrel Gholar,3402
Townsend Saunders,3403
Jorge Patino,3404
Mikey Burnett,3405
John Lober,3406
Adriano Santos,3407
Hugo Duarte,3408
Bob Gilstrap,3409
Joe Pardo,3410
Allan Goes,3411
Noe Hernandez,3412
Eugenio Tadeu,3413
Igor Zinoviev,3414
Kevin Jackson,3415
Brad Kohler,3416
Marcus Silveira,3417
Joe Charles,3418
Harry Moskowitz,3419
Dwayne Cason,3420
Houston Dorr,3421
Carlos Barreto,3422
Greg Stott,3423
Dan Bobish,3424
Moti Horenstein,3425
Todd Butler,3426
Yuri Vaulin,3427
Sam Fulton,3428
Brian Johnston,3429
Donnie Chappell,3430
Christophe Leninger,3431
Tony Halme,3432
Dmitri Stepanov,3433
Saeed Hosseini,3434
Steven Graham,3435
Wes Albritton,3436
Nick Sanzo,3437
Scott Ferrozzo,3438
Jim Mullen,3439
Rainy Martinez,3440
Wallid Ismail,3441
Cal Worsham,3442
Steve Nelmark,3443
Paul Varelans,3444
Gary Goodridge,3445
Mark Hall,3446
Reza Nasri,3447
Julian Sanchez,3448
Sam Adkins,3449
Fabio Gurgel,3450
Don Frye,3451
John Campetella,3452
Scott Fiedler,3453
Dieusel Berto,3454
Tai Bowden,3455
Amaury Bitetti,3456
Koji Kitao,3457
Zane Frazier,3458
Matt Andersen,3459
Joe Moreira,3460
Paul Herrera,3461
Thomas Ramirez,3462
Keith Hackney,3463
Steve Jennum,3464
Oleg Taktarov,3465
Dave Beneteau,3466
Larry Cureton,3467
Harold Howard,3468
Gerry Harris,3469
Remco Pardoel,3470
Ryan Parker,3471
David Hood,3472
Anthony Macias,3473
John Matua,3474
Rudyard Moncayo,3475
Todd Medina,3476
Ernie Verdicia,3477
Andy Anderson,3478
John Dowdy,3479
Asbel Cancio,3480
Melton Bowen,3481
Ron van Clief,3482
Jason Fairn,3483
Joe Son,3484
Marcus Bossett,3485
Felix Lee Mitchell,3486
Roland Payne,3487
Emmanuel Yarborough,3488
Patrick Smith,3489
Scott Morris,3490
Orlando Wiet,3491
Johnny Rhodes,3492
Fred Ettish,3493
Minoki Ichihara,3494
Thaddeus Luster,3495
Scott Baker,3496
Alberta Cerra Leon,3497
Robert Lucarelli,3498
David Levicki,3499
Ray Wizard,3500
Sean Daugherty,3501
